{"cameraMode":{"drawMode":0,"name":"Shaded","section":"Shading Mode"},"sceneLighting":true,"audioPlay":false,"sceneViewState":{"m_AlwaysRefresh":false,"showFog":true,"showSkybox":true,"showFlares":true,"showImageEffects":true,"showParticleSystems":true,"showVisualEffectGraphs":true,"m_FxEnabled":true},"in2DMode":false,"pivot":{"x":-20.768327713012697,"y":-0.7253979444503784,"z":-1.2073352336883546},"rotation":{"x":-0.02945704758167267,"y":0.6913123726844788,"z":-0.028226731345057489,"w":-0.7214085459709168},"size":9.630288124084473,"orthographic":false}