{"cameraMode":{"drawMode":0,"name":"Shaded","section":"Shading Mode"},"sceneLighting":true,"audioPlay":false,"sceneViewState":{"m_AlwaysRefresh":false,"showFog":true,"showSkybox":true,"showFlares":true,"showImageEffects":true,"showParticleSystems":true,"showVisualEffectGraphs":true,"m_FxEnabled":true},"in2DMode":false,"pivot":{"x":1.7997045516967774,"y":1.303182601928711,"z":-2.7051167488098146},"rotation":{"x":-0.03785724937915802,"y":0.9616191983222961,"z":-0.17529284954071046,"w":-0.2076762467622757},"size":1.5414773225784302,"orthographic":false}